Unnamed: 0,treat,age,educ,black,hispan,married,nodegree,re74,re75,re78,propensity_score
559,0,18,11,1,0,0,1,0.0,0.0,0.0,0.032287095
104,1,18,11,1,0,0,1,0.0,0.0,4814.627,0.00064664776
51,1,28,8,1,0,0,1,0.0,0.0,0.0,0.6195118
140,1,26,11,0,0,0,1,0.0,2226.266,13385.86,0.018241955
437,0,16,7,0,0,0,1,658.3136,479.8065,6210.885,0.004516532
132,1,28,11,1,0,0,1,0.0,1284.079,60307.93,0.036226057
332,0,37,14,0,0,1,0,18501.36,2638.935,13429.58,0.011281514
247,0,22,9,0,0,1,1,5683.8330000000005,6038.758000000001,4742.025,0.99486035
553,0,40,11,1,0,1,1,0.0,0.0,0.0,0.9361384
41,1,21,12,1,0,0,0,0.0,0.0,1254.5819999999999,0.001411678
611,0,24,1,0,1,1,1,0.0,0.0,19464.61,0.01057195
231,0,20,12,1,0,1,0,9555.344000000001,7055.661,0.0,0.0005007254
94,1,21,12,1,0,0,0,0.0,0.0,9983.784,0.96050334
172,1,26,12,1,0,1,0,8408.761999999999,5794.831,1424.944,0.8296608
66,1,28,9,1,0,0,1,0.0,0.0,10694.29,0.031455297
489,0,43,12,0,0,1,0,13321.05,0.0,16860.86,0.6821439
79,1,40,11,1,0,0,1,0.0,0.0,23005.6,0.00012853745
260,0,38,8,0,0,1,1,11242.27,5174.032,0.0,0.02033741
451,0,17,9,1,0,0,1,0.0,297.1935,54.67588000000001,0.0002815972
287,0,18,12,0,0,0,0,2217.89,4191.145,8957.978000000001,0.02884203
128,1,23,10,1,0,1,1,0.0,936.4386,11233.26,0.35419407
95,1,44,11,1,0,0,1,0.0,0.0,0.0,0.20744501
602,0,16,8,0,1,0,1,0.0,0.0,12242.96,0.00052248326
18,1,23,10,1,0,0,1,0.0,0.0,7693.4,0.0027925237
497,0,26,14,0,0,0,0,8411.132,0.0,0.0,0.5069386
510,0,18,10,0,0,0,1,3360.143,0.0,0.0,0.98540944
141,1,24,9,1,0,0,1,9154.7,2288.675,4849.559,0.00010194315
446,0,16,9,0,0,0,1,0.0,320.4677,3707.616,0.0006569611
306,0,27,13,0,0,0,0,16406.9,3426.677,5344.937,0.6998985
593,0,46,11,1,0,1,1,0.0,0.0,0.0,0.00050075195
417,0,20,14,0,0,1,0,0.0,805.6452,1454.0829999999999,0.9233741
416,0,18,11,1,0,0,1,587.78,841.4516,7933.914000000001,0.84486306
202,0,25,9,0,1,0,1,5460.477,10589.76,7539.361,0.770389
494,0,22,12,0,0,1,0,9022.424,0.0,3342.618,0.97642344
173,1,20,9,0,1,0,1,12260.78,5875.049,1358.6429999999998,0.006715418
245,0,25,7,0,0,1,1,5597.625,6099.629,122.6513,0.07157041
456,0,17,11,0,1,0,1,803.2994,248.8548,5173.521,0.8515392
415,0,27,15,0,0,0,0,0.0,857.5645,3392.86,0.0009136003
111,1,20,9,1,0,0,1,6083.994000000001,0.0,8881.665,0.6393539
271,0,19,10,0,0,0,1,5777.878000000001,4672.742,135.9508,0.08284336
22,1,41,14,0,0,0,0,0.0,0.0,5149.501,0.0049948404
253,0,53,12,0,0,0,0,17104.4,5775.581,19965.56,0.99198145
246,0,35,7,0,0,1,1,10715.23,6087.097,15177.73,0.0032599184
454,0,23,13,1,0,0,0,172.4155,272.129,582.2243,0.01832218
363,0,22,12,0,0,0,0,10137.25,1679.3229999999999,25564.67,0.010797461
373,0,17,10,0,1,0,1,0.0,1453.7420000000002,6918.715999999999,0.9949026
252,0,42,7,0,0,1,1,10971.89,5806.016,9241.702,0.0013612333
348,0,48,8,0,0,1,1,16050.31,2116.161,11600.15,0.00014792322
466,0,17,10,0,0,0,1,0.0,182.6129,6423.677,0.00091947126
419,0,19,13,1,0,0,0,1714.358,785.9516,9067.33,0.03176495
265,0,23,8,0,0,1,1,3595.255,4866.097,2782.559,0.03523345
309,0,18,12,0,0,0,0,4729.67,3328.21,12602.05,0.7839537
350,0,30,12,0,0,1,0,7347.251,2080.355,14475.81,0.0011529602
96,1,25,12,0,0,0,0,0.0,0.0,5587.503000000001,0.0022606053
200,0,22,14,1,0,1,0,748.4399,11105.37,18208.55,0.51966554
185,1,33,11,1,0,1,1,14660.71,25142.24,4181.942,0.0013423739
178,1,33,11,1,0,0,1,0.0,7867.916,6281.433000000001,0.5552287
561,0,17,8,1,0,0,1,0.0,0.0,12760.17,0.0021546131
492,0,45,12,0,0,1,0,9277.128,0.0,12108.49,0.0041744662
420,0,24,8,0,0,1,1,213.5601,760.8871,2340.719,0.99840194
522,0,19,12,1,0,0,0,1655.58,0.0,0.0,0.0126402695
560,0,46,11,1,0,1,1,0.0,0.0,2820.98,0.101615
501,0,19,12,0,0,0,0,5797.47,0.0,2160.436,0.64904374
270,0,40,12,0,0,1,0,18389.68,4688.855,21857.05,0.0018942083
108,1,17,9,1,0,0,1,0.0,0.0,1953.2679999999998,0.99085146
377,0,23,13,0,0,0,0,601.4949,1394.661,4975.505,0.00020616833
291,0,34,11,0,0,1,1,0.0,4010.323,18133.18,0.10185397
65,1,29,4,1,0,0,1,0.0,0.0,762.9146,0.0011156433
145,1,31,12,0,0,0,0,0.0,2611.218,2484.549,0.7783845
257,0,28,12,0,0,0,0,8256.35,5279.661,21602.88,0.98003113
399,0,20,11,0,0,1,1,2547.047,1099.258,0.0,0.9517505
473,0,40,16,0,0,1,0,0.0,114.5806,0.0,0.8613067
180,1,29,10,0,1,0,1,0.0,8853.674,5112.014,0.018252077
249,0,40,15,0,0,1,0,10907.24,5922.387,6238.9619999999995,0.84520173
100,1,31,9,0,1,0,1,0.0,0.0,26817.6,0.4219619
379,0,28,10,0,0,1,1,7578.444,1383.9189999999999,2404.261,0.00018508415
169,1,22,10,1,0,1,1,1468.348,5588.664000000001,13228.28,0.99733007
412,0,17,11,0,1,0,1,0.0,873.6774,7759.5419999999995,0.06923599
484,0,34,11,0,1,1,1,22198.49,0.0,0.0,0.887912
143,1,24,10,1,0,0,1,4250.402,2421.947,1660.5079999999998,0.9966612
345,0,25,14,0,1,1,0,1622.273,2239.694,1892.9679999999998,0.021065008
341,0,20,13,0,0,0,0,0.0,2352.484,0.0,0.0019233779
531,0,55,3,0,0,0,1,1208.868,0.0,0.0,0.00090159965
199,0,29,12,0,0,1,0,14768.95,11146.55,6420.722,0.04781821
74,1,25,12,1,0,0,0,0.0,0.0,11965.81,0.90390676
148,1,27,11,1,0,0,1,2206.94,2666.2740000000003,0.0,0.9920204
330,0,18,12,0,0,0,0,881.6701,2696.2259999999997,12120.31,0.0031850308
498,0,34,12,0,0,0,0,8125.079000000001,0.0,6032.08,3.2865653e-05
195,0,39,10,0,0,1,1,16767.41,12022.02,4433.18,0.02985976
4,1,27,11,1,0,0,1,0.0,0.0,7506.146,0.00035009815
24,1,24,11,1,0,0,1,0.0,0.0,1991.4,0.9829556
216,0,22,13,0,1,0,0,6404.843000000001,7882.79,9453.017,0.99733007
441,0,17,8,1,0,0,1,0.0,451.1613,0.0,0.0025412345
210,0,40,11,0,0,1,1,20666.35,8502.242,25564.67,0.00188445
298,0,24,15,0,0,0,0,12746.99,3743.565,0.0,0.00026251224
136,1,31,9,1,0,0,1,0.0,1698.6070000000002,10363.27,0.949811
432,0,18,7,0,0,0,1,491.776,558.5806,642.8111,0.9548947
221,0,27,12,0,0,1,0,9788.497,7496.081,14038.4,0.9563415
378,0,18,8,0,0,0,1,5023.56,1391.0810000000001,6756.166,0.90433276
62,1,29,8,1,0,0,1,0.0,0.0,1923.9379999999999,0.98204184
368,0,17,10,0,0,0,1,568.1874,1525.355,6231.573,3.418389e-05
383,0,21,14,0,0,0,0,8456.196,1330.21,16967.26,0.00045874124
550,0,16,8,0,0,0,1,0.0,0.0,2559.422,0.007836613
431,0,41,7,0,0,1,1,19573.08,565.7419,0.0,0.008129333
90,1,25,8,1,0,0,1,0.0,0.0,0.0,0.024971053
255,0,28,10,0,0,1,1,10415.46,5544.629,10289.41,0.0011435291
565,0,34,12,1,0,1,0,0.0,0.0,18716.88,0.00044591754
445,0,24,12,1,0,1,0,4232.016,320.4677,1273.8,0.066548005
514,0,21,15,0,0,0,0,2629.336,0.0,1717.118,0.92131096
135,1,24,11,1,0,1,1,824.3886,1666.1129999999998,4032.708,0.8057723
400,0,35,10,0,0,1,1,4964.782,1086.726,1745.195,0.9824238
390,0,16,10,0,0,0,1,1026.656,1224.5810000000001,6847.785,0.005749066
461,0,18,10,0,0,1,1,0.0,211.2581,14053.18,0.08610499
334,0,51,12,0,0,0,0,20742.76,2538.677,1019.6310000000001,0.00022551027
442,0,21,8,0,0,1,1,5699.507,388.5,8844.194,0.0035464696
612,0,21,18,0,0,0,0,0.0,0.0,0.0,0.0012781505
118,1,20,12,1,0,0,0,0.0,377.5686,1652.6370000000002,0.67011625
227,0,25,5,0,0,1,1,7891.927,7293.774,14617.67,0.06989903
575,0,48,13,0,0,1,0,0.0,0.0,0.0,0.0024512818
154,1,23,12,1,0,0,0,6269.340999999999,3039.96,8484.239,0.017296083
149,1,26,11,1,0,1,1,0.0,2754.6459999999997,26372.28,0.00019361243
356,0,17,10,0,0,0,1,0.0,1888.79,19993.64,0.9879269
562,0,16,9,0,0,0,1,0.0,0.0,4974.028,0.898682
326,0,42,6,0,1,1,1,2425.572,2832.29,1907.745,0.003400721
423,0,52,8,1,0,1,1,5454.599,666.0,0.0,0.25877202
53,1,18,11,1,0,0,1,0.0,0.0,0.0,0.6195118
540,0,19,9,1,0,0,1,384.0163,0.0,0.0,0.9240563
274,0,16,9,0,0,0,1,2539.21,4579.645,0.0,0.9361384
9,1,22,16,1,0,0,0,0.0,0.0,2164.022,0.0011422695
526,0,20,9,0,1,0,1,1500.7979999999998,0.0,12618.31,0.00033231743
244,0,36,12,1,0,1,0,11040.47,6221.371,7215.7390000000005,0.14689662
606,0,55,8,0,0,1,1,0.0,0.0,0.0,0.062042877
295,0,20,12,1,0,0,0,5099.971,3842.032,12718.79,0.9521432
362,0,19,11,0,0,0,1,0.0,1693.645,9853.481,0.90088475
440,0,23,11,0,1,1,1,8946.011999999999,469.0645,4776.012,0.025757508
59,1,42,14,1,0,1,0,0.0,0.0,13167.52,0.91473097
116,1,21,12,0,0,0,0,3670.8720000000003,334.0494,12558.02,0.0009985152
124,1,27,13,0,0,1,0,9381.565999999999,853.7225,0.0,0.0125622805
384,0,29,10,0,1,0,1,3732.403,1323.0479999999998,6694.101,0.0066342554
208,0,36,12,0,0,1,0,25535.12,8695.597,21905.82,0.9881854
369,0,17,10,0,0,0,1,0.0,1503.871,7843.773,0.9964085
581,0,48,14,0,0,1,0,0.0,0.0,7236.427,0.88514
206,0,27,10,0,1,1,1,15711.36,9098.419,17023.41,0.0053774375
376,0,18,12,1,0,0,0,1579.1689999999999,1408.984,3057.4159999999997,0.86772525
335,0,22,11,0,1,0,1,7341.3730000000005,2535.097,14187.65,0.0020541013
213,0,39,6,0,1,1,1,13279.91,8441.371,25048.94,0.0007492522
391,0,18,12,0,0,0,0,818.9735,1208.468,2232.845,0.0020400651
381,0,18,11,1,0,0,1,0.0,1367.806,33.98771,0.0055581206
413,0,17,5,1,0,0,1,96.00407,868.3065,0.0,0.14864539
552,0,18,10,1,0,0,1,0.0,0.0,2281.61,0.0065785656
585,0,37,8,1,0,0,1,0.0,0.0,648.722,0.00047986934
159,1,27,10,1,0,0,1,1001.1460000000001,3550.075,0.0,0.048304234
613,0,32,5,1,0,1,1,0.0,0.0,187.6713,0.9158522
207,0,27,6,0,1,1,1,7831.189,9071.565,5661.170999999999,0.00021369878
285,0,47,11,0,0,0,1,8060.424,4232.323,3358.873,0.9910885
77,1,22,12,1,0,0,0,0.0,0.0,18678.08,0.016356891
179,1,22,12,0,0,0,0,6759.994000000001,8455.504,12590.71,0.9919246
524,0,26,9,0,1,0,1,1563.495,0.0,2862.3559999999998,0.0016331467
475,0,18,11,0,0,0,1,1481.2060000000001,57.290319999999994,1421.5729999999999,0.003157
189,0,42,11,0,0,1,1,21787.05,14265.29,15491.01,0.0013626555
279,0,47,10,1,0,1,1,13311.26,4397.032,19330.14,0.0052763238
211,0,27,7,0,0,1,1,3064.2929999999997,8461.065,11149.45,0.0008934418
224,0,49,8,0,0,1,1,6459.703,7431.629,7503.896,0.041630764
465,0,16,10,0,0,0,1,0.0,189.7742,2136.7929999999997,0.0006053235
239,0,39,10,0,0,1,1,22745.13,6493.5,25564.67,0.14676909
313,0,24,7,0,0,1,1,7860.578,3213.6290000000004,0.0,0.86441934
107,1,27,13,1,0,0,0,0.0,0.0,34099.28,0.5552287
39,1,46,8,1,0,1,1,0.0,0.0,3094.156,0.008836436
529,0,39,12,0,0,1,0,1289.198,0.0,1202.869,0.001200731
453,0,16,9,1,0,0,1,0.0,277.5,3983.9509999999996,0.95457786
579,0,34,8,0,0,1,1,0.0,0.0,2664.341,0.008500557
26,1,29,11,1,0,1,1,0.0,0.0,9642.999,0.97141147
183,1,35,9,1,0,1,1,13602.43,13830.64,12803.97,0.017196659
46,1,25,11,1,0,1,1,0.0,0.0,0.0,0.918064
597,0,53,12,1,0,0,0,0.0,0.0,0.0,0.0005635332
518,0,19,6,1,0,0,1,1955.348,0.0,14998.92,0.64904374
499,0,22,11,0,0,0,1,8013.401,0.0,5748.356,0.002046726
333,0,24,10,0,0,1,1,4719.874,2565.532,2173.736,0.0068393713
403,0,17,9,1,0,0,1,0.0,981.0968,8900.347,0.0032264153
546,0,37,12,0,0,0,0,48.98167,0.0,877.7696,0.04262759
435,0,32,13,0,0,1,0,12553.02,524.5645,15353.58,0.0016404821
84,1,27,13,1,0,0,0,0.0,0.0,0.0,0.00019791076
394,0,16,10,0,0,0,1,574.0652,1181.613,5578.418000000001,0.02397878
112,1,17,9,0,1,0,1,445.1704,74.34345,6210.67,0.01179969
468,0,23,8,0,0,1,1,33.30754,166.5,0.0,3.418389e-05
71,1,27,9,1,0,0,1,0.0,0.0,0.0,0.021572713
406,0,19,12,0,0,0,0,815.055,964.9839,12059.73,0.0052145696
557,0,20,9,1,0,0,1,0.0,0.0,6083.8,0.5069386
67,1,27,11,1,0,0,1,0.0,0.0,0.0,0.9871401
464,0,26,7,0,0,1,1,1538.024,189.7742,650.1997,0.03794597
563,0,30,10,0,0,1,1,0.0,0.0,3151.991,0.0277752
89,1,21,12,0,0,0,0,0.0,0.0,8048.603,0.88514
218,0,27,12,0,0,1,0,12270.89,7709.129,7806.829000000001,0.00393366
595,0,42,16,0,0,0,0,0.0,0.0,23764.8,0.017472183
467,0,17,10,0,0,0,1,0.0,171.87099999999998,1483.6370000000002,0.00020256607
54,1,25,12,1,0,0,0,0.0,0.0,2348.973,0.023498809
349,0,17,7,0,1,0,1,0.0,2082.145,6460.621,0.37913832
568,0,19,12,0,0,0,0,0.0,0.0,0.0,0.5552287
502,0,24,10,0,0,1,1,5523.173000000001,0.0,5040.525,0.00025181047
586,0,17,10,1,0,0,1,0.0,0.0,1053.619,0.00836185
58,1,41,4,1,0,1,1,0.0,0.0,7284.986,0.995852
88,1,26,11,1,0,0,1,0.0,0.0,17230.96,0.09547939
519,0,19,9,0,1,0,1,1822.118,0.0,3372.172,0.8093854
193,0,20,12,1,0,0,0,7392.314,12396.19,17765.23,0.017296083
496,0,55,7,0,0,1,1,8832.375,0.0,0.0,0.6077124
27,1,25,11,1,0,0,1,0.0,0.0,9897.049,0.97636765
106,1,43,9,1,0,0,1,0.0,0.0,0.0,0.48343462
479,0,20,11,0,0,1,1,4478.884,39.3871,6280.338000000001,0.006354475
408,0,50,7,0,0,1,1,11473.47,956.0323,0.0,0.0038715512
176,1,28,11,1,0,0,1,1929.029,6871.856,0.0,0.9961785
286,0,50,0,0,0,1,1,10162.72,4218.0,220.1813,0.00027391827
425,0,16,10,0,1,0,1,0.0,630.1935,3892.3320000000003,0.98796856
318,0,51,12,0,0,1,0,21001.38,3140.2259999999997,16015.6,0.00011726525
92,1,17,10,1,0,0,1,0.0,0.0,0.0,0.64904374
83,1,38,12,0,0,0,0,0.0,0.0,4941.849,0.008227401
366,0,24,12,0,0,1,0,7643.1,1546.839,3262.82,0.7169047
520,0,19,12,1,0,0,0,1681.0510000000002,0.0,0.0,0.8564205
117,1,27,12,1,0,0,0,2143.413,357.9499,22163.25,0.0027729347
75,1,28,15,1,0,0,0,0.0,0.0,9598.541,0.17327197
12,1,21,13,1,0,0,0,0.0,0.0,17094.64,0.010434043
323,0,39,10,0,0,1,1,0.0,2886.0,18761.22,0.00070295745
537,0,24,12,1,0,0,0,566.2281,0.0,2284.565,0.004196866
580,0,53,12,0,0,0,0,0.0,0.0,0.0,0.020798624
506,0,35,11,0,0,1,1,3975.3520000000003,0.0,21963.45,0.0018969218
52,1,31,11,1,0,1,1,0.0,0.0,8087.486999999999,0.0002677885
360,0,20,8,0,0,1,1,2360.916,1741.984,0.0,1.6667498e-05
20,1,26,12,1,0,0,0,0.0,0.0,10747.35,0.9871401
243,0,31,12,0,0,1,0,23652.27,6228.531999999999,22403.81,0.0010438712
296,0,51,11,0,0,0,1,48.98167,3813.387,1525.014,0.9718005
544,0,21,11,0,0,1,1,246.8676,0.0,6708.879,0.64904374
449,0,17,8,0,1,0,1,391.8534,300.7742,18891.26,0.025411516
387,0,20,9,0,1,1,1,0.0,1283.661,0.0,0.00030441792
329,0,35,12,0,0,1,0,1469.45,2719.5,0.0,0.7998618
495,0,23,11,0,0,1,1,8910.745,0.0,4183.444,0.009151375
233,0,25,12,1,0,1,0,295.8493,6942.871,461.0507,0.8127766
131,1,17,9,1,0,0,1,1716.509,1253.4389999999999,5445.2,0.08512799
549,0,50,12,0,0,1,0,0.0,0.0,0.0,0.9517505
217,0,25,10,0,0,1,1,13634.54,7793.274,11688.82,0.94179326
70,1,29,13,1,0,0,0,0.0,0.0,7479.656,0.0508894
15,1,17,7,1,0,0,1,0.0,0.0,3023.8790000000004,0.0011156433
573,0,19,11,1,0,0,1,0.0,0.0,16485.52,0.0037870456
8,1,32,11,1,0,0,1,0.0,0.0,8472.158000000001,0.012210329
508,0,29,10,0,0,0,1,3751.9959999999996,0.0,251.2135,0.0009949977
29,1,17,10,1,0,0,1,0.0,0.0,16218.04,0.111743964
37,1,25,5,1,0,0,1,0.0,0.0,6181.88,3.7995233e-05
430,0,21,13,0,0,0,0,513.3279,578.2742,0.0,0.0002807683
34,1,20,12,1,0,0,0,0.0,0.0,0.0,0.69701284
450,0,19,8,0,1,0,1,368.3422,300.7742,18510.0,0.00061321585
91,1,31,11,1,0,1,1,0.0,0.0,14509.93,0.00022709425
215,0,29,12,0,0,1,0,11199.17,8081.516,0.0,0.0008683594
64,1,27,11,1,0,0,1,0.0,0.0,549.2984,0.99695265
533,0,19,12,0,1,0,0,1058.004,0.0,8923.991,0.068177685
182,1,25,14,1,0,1,0,35040.07,11536.57,36646.95,0.9857539
212,0,36,9,1,0,1,1,13256.4,8457.484,0.0,0.99740195
43,1,17,8,1,0,0,1,0.0,0.0,8061.485,0.003157
248,0,31,2,0,1,1,1,3262.179,5965.355,9732.306999999999,0.994218
509,0,24,9,0,0,1,1,3438.513,0.0,818.6605,0.0005502145
36,1,42,14,1,0,0,0,0.0,0.0,20505.93,0.6195118
409,0,39,11,0,0,0,1,0.0,930.9677,0.0,0.18802609
516,0,24,12,1,0,1,0,2355.0389999999998,0.0,2448.593,0.0012952313
404,0,16,7,0,0,0,1,0.0,975.7258,4728.725,0.6195118
504,0,20,9,0,0,1,1,5229.282999999999,0.0,15892.95,0.92989653
608,0,27,10,1,0,0,1,0.0,0.0,7543.794,0.006256153
490,0,27,9,0,1,1,1,12829.28,0.0,0.0,0.0037599406
48,1,17,9,1,0,0,1,0.0,0.0,0.0,0.045492798
433,0,39,9,0,0,0,1,11230.52,537.0968,5752.79,0.13561267
167,1,19,11,0,1,1,1,5424.485,5463.803000000001,6788.463000000001,0.0011349045
512,0,21,13,0,1,0,0,3015.312,0.0,17627.8,0.0073035457
126,1,27,9,1,0,1,1,0.0,934.4454,1773.4229999999998,0.67011625
281,0,47,10,1,0,0,1,21918.32,4323.629,19438.02,0.21367207
114,1,18,11,1,0,0,1,858.2543,214.5636,929.8839,0.80784565
220,0,26,12,0,0,1,0,2345.242,7565.903,2838.7129999999997,0.00485082
7,1,23,12,1,0,0,0,0.0,0.0,0.0,0.00075024535
398,0,16,8,0,0,0,1,0.0,1113.5810000000001,542.3257,0.00021659794
197,0,31,14,0,0,1,0,17831.29,11563.69,22094.97,0.0024914523
123,1,19,9,1,0,0,1,0.0,798.9079,17685.18,0.6577111
436,0,16,9,0,0,0,1,0.0,485.1774,4112.513,0.00031680788
322,0,21,12,0,0,0,0,8128.9980000000005,2939.71,0.0,0.9829556
352,0,22,11,0,0,1,1,3030.986,1976.516,0.0,0.026372543
567,0,29,11,0,0,1,1,0.0,0.0,0.0,0.090364136
343,0,18,10,1,0,0,1,311.5234,2284.452,8154.095,0.0010345614
525,0,23,12,0,0,0,0,1504.717,0.0,0.0,0.0013614182
418,0,20,12,0,0,1,0,12145.49,791.3226,13683.75,0.7169047
16,1,19,10,1,0,0,1,0.0,0.0,3228.5029999999997,0.0060783694
61,1,17,8,1,0,0,1,0.0,0.0,0.0,0.30865705
258,0,27,12,0,1,1,0,17604.01,5222.371,25564.67,0.01832398
572,0,55,4,1,0,0,1,0.0,0.0,0.0,0.92984265
485,0,22,8,1,0,1,1,16961.37,0.0,959.0445,0.00093487126
471,0,49,8,0,0,1,1,14684.7,136.0645,14963.46,0.0026991565
282,0,24,12,1,0,1,0,8573.752,4293.194,0.0,0.0082955165
267,0,25,12,0,1,1,0,8746.167,4762.258,379.7757,0.0014358446
164,1,29,10,1,0,0,1,0.0,4398.95,0.0,0.0050017075
438,0,21,9,1,0,0,1,1030.5739999999998,470.8548,1223.558,0.017296083
507,0,23,12,0,0,0,0,3893.063,0.0,16324.45,0.89524543
411,0,39,10,1,0,0,1,844.444,889.7903,701.9201,8.807771e-05
505,0,23,8,0,0,1,1,4610.155,0.0,0.0,0.0068393713
452,0,21,14,0,0,0,0,107.7597,293.6129,7698.955,0.009297825
55,1,30,11,1,0,1,1,0.0,0.0,590.7818,0.92731905
428,0,21,14,0,0,0,0,9708.167,594.3871,2256.488,0.076643094
97,1,18,9,1,0,0,1,0.0,0.0,4482.845,0.9871401
589,0,55,7,0,0,0,1,0.0,0.0,0.0,0.0004344387
315,0,50,12,0,0,1,0,19929.66,3190.355,18597.19,0.006231495
293,0,44,13,0,0,1,0,8032.994000000001,3881.4190000000003,3104.704,0.0009341754
175,1,26,10,1,0,0,1,25929.68,6788.9580000000005,672.8773,0.97671336
122,1,18,10,1,0,0,1,0.0,798.9079,9737.154,0.9639647
308,0,25,12,0,0,1,0,21469.65,3405.1940000000004,7981.201,0.018672682
472,0,20,10,0,0,1,1,6563.544,134.2742,15363.92,0.9961785
171,1,17,10,1,0,0,1,1291.468,5793.852,5522.7880000000005,0.4219619
462,0,19,10,1,0,0,1,1056.045,205.8871,0.0,0.041253567
414,0,19,12,0,0,0,0,2425.572,861.1452,2587.499,0.107633
192,0,32,12,0,0,1,0,19067.58,12625.35,14146.28,0.40398288
152,1,24,12,1,0,0,0,13765.75,2842.764,6167.681,0.0015002005
556,0,26,14,0,0,0,0,0.0,0.0,6717.745,0.97636807
523,0,26,5,0,0,1,1,1573.2910000000002,0.0,3700.2270000000003,0.93873477
105,1,19,11,1,0,0,1,0.0,0.0,7458.105,0.007952024
204,0,40,13,0,0,1,0,3577.6209999999996,10301.52,11911.95,0.0007448227
302,0,23,12,0,0,1,0,14347.71,3482.177,3818.445,0.00026162298
342,0,17,7,1,0,0,1,1054.086,2286.242,1613.6770000000001,0.011549589
367,0,18,11,0,0,0,1,1273.5230000000001,1532.516,12489.75,0.00046438497
319,0,19,11,1,0,0,1,5607.422,3054.29,94.5745,0.067062
599,0,17,6,0,0,0,1,0.0,0.0,0.0,0.016424572
574,0,18,11,1,0,0,1,0.0,0.0,7146.286,0.00883545
530,0,17,9,1,0,0,1,1222.5819999999999,0.0,422.6298,0.5552287
235,0,20,12,0,0,1,0,3558.0290000000005,6797.855,6680.802,0.88819814
134,1,20,11,1,0,0,1,16318.62,1484.994,6943.342,0.040974803
150,1,20,10,1,0,0,1,5005.731,2777.355,5615.189,0.011572682
198,0,34,8,0,0,1,1,8038.871999999999,11404.35,5486.799,0.004442766
372,0,18,11,1,0,0,1,1191.234,1478.806,3683.972,0.98204184
388,0,36,18,0,0,1,0,3273.935,1269.339,18227.76,0.9857153
547,0,26,12,0,1,1,0,47.0224,0.0,0.0,0.000412002
389,0,45,12,0,0,1,0,16559.72,1265.758,7987.111999999999,0.020617912
364,0,18,11,1,0,0,1,2068.986,1623.8229999999999,20243.38,0.0041240547
230,0,33,9,0,1,1,1,11959.36,7087.887,25564.67,0.8595557
102,1,26,10,1,0,0,1,0.0,0.0,9265.788,0.009210271
459,0,18,11,0,0,0,1,131.2709,218.4194,7503.896,0.20744501
511,0,45,8,1,0,0,1,3299.405,0.0,31.032259999999997,0.06707629
137,1,23,8,0,0,1,1,0.0,1713.15,4232.309,0.0018118394
201,0,42,0,0,1,1,1,2797.833,10929.92,9922.934000000001,0.07070917
144,1,46,8,1,0,0,1,3165.658,2594.723,0.0,0.0029576216
324,0,36,5,0,0,0,1,3814.692,2873.468,2751.527,0.9235689
598,0,17,10,0,0,1,1,0.0,0.0,3859.822,0.0011821402
32,1,48,4,1,0,0,1,0.0,0.0,6551.592,0.0010905515
187,0,26,12,0,0,1,0,25862.32,17806.55,25564.67,0.0011217154
422,0,19,9,0,0,0,1,773.9104,676.7419,5647.871,0.00019213534
374,0,26,12,1,0,0,0,0.0,1448.371,0.0,0.9968466
541,0,36,1,1,0,0,1,348.7495,0.0,0.0,0.00079422956
460,0,23,12,0,1,1,0,0.0,216.62900000000002,0.0,0.9852486
371,0,53,10,0,1,0,1,7878.2119999999995,1489.5479999999998,13170.98,0.99045384
534,0,37,7,0,0,1,1,963.9593,0.0,0.0,0.99472976
147,1,19,8,1,0,0,1,0.0,2657.0570000000002,9970.681,0.003157
353,0,27,12,0,0,1,0,11493.06,1906.694,13419.24,0.8047687
457,0,46,7,0,0,0,1,1081.515,245.2742,0.0,0.00017072621
571,0,20,12,1,0,0,0,0.0,0.0,11594.24,0.001757935
564,0,33,12,0,1,1,0,0.0,0.0,5841.453,0.94259465
607,0,16,9,0,0,0,1,0.0,0.0,5551.819,0.0012760698
448,0,42,8,0,0,0,1,17925.33,300.7742,14116.72,0.96867406
582,0,16,9,0,0,0,1,0.0,0.0,6494.608,0.91004527
209,0,47,8,1,0,1,1,9275.169,8543.419,0.0,0.0016738639
82,1,18,12,1,0,0,0,0.0,0.0,2321.107,0.00089299155
402,0,32,16,1,0,0,0,17135.75,1031.226,0.0,0.009830274
301,0,29,12,0,0,1,0,14288.93,3503.6609999999996,8133.406999999999,0.9897397
478,0,31,12,1,0,1,0,0.0,42.96774,11023.84,0.004533753
254,0,30,17,1,0,0,0,17827.37,5546.419,14421.13,0.00089625205
558,0,20,12,1,0,0,0,0.0,0.0,0.0,0.944642
375,0,39,5,0,0,1,1,13082.02,1434.0479999999998,18323.81,0.98825955
214,0,21,9,0,0,1,1,11156.07,8441.371,1213.214,0.00016468248
63,1,35,10,1,0,0,1,0.0,0.0,4666.236,0.8433124
542,0,18,11,0,0,0,1,321.3198,0.0,7722.599,0.00051658606
385,0,31,6,0,0,0,1,2666.562,1321.2579999999998,0.0,0.6393539
401,0,32,6,0,1,1,1,979.6334,1036.597,0.0,0.13806494
163,1,24,10,1,0,1,1,11703.2,4078.152,0.0,0.00038606508
234,0,29,12,0,0,1,0,15303.83,6932.129,24290.87,0.004467574
325,0,19,9,1,0,0,1,1079.556,2873.468,14344.29,0.0027008718
439,0,22,12,0,0,1,0,12096.51,469.0645,14289.62,0.00070295745
327,0,20,7,0,0,0,1,1902.4479999999999,2792.903,6098.578,0.026149936
477,0,22,8,0,0,1,1,105.8004,42.96774,209.8372,0.0027921598
68,1,23,7,0,0,0,1,0.0,0.0,0.0,0.02594613
21,1,23,11,1,0,0,1,0.0,0.0,0.0,0.0011061071
10,1,33,12,0,0,1,0,0.0,0.0,12418.07,0.036011618
188,0,25,16,0,0,1,0,25862.32,15316.21,25564.67,0.95077676
280,0,25,12,0,1,1,0,2266.8720000000003,4361.226,3020.473,0.116110004
196,0,41,5,0,0,1,1,10785.76,11991.58,19451.31,0.008659392
1,1,37,11,1,0,1,1,0.0,0.0,9930.046,0.0034945519
392,0,40,12,0,1,0,0,11867.28,1195.935,3873.1209999999996,0.10629405
455,0,16,9,0,0,0,1,411.44599999999997,254.2258,1725.985,0.0023668308
78,1,21,9,1,0,0,1,0.0,0.0,0.0,0.0008426307
115,1,27,12,1,0,1,0,3670.8720000000003,334.0493,0.0,0.033501018
316,0,19,12,0,0,0,0,99.92260999999999,3172.452,15436.33,0.9714674
129,1,23,12,0,1,0,0,9385.74,1117.4389999999999,559.4432,0.0008805052
605,0,39,2,1,0,1,1,0.0,0.0,964.9555,0.00042283564
304,0,42,7,0,0,1,1,4324.102,3457.113,9856.436,9.3317605e-05
87,1,23,8,0,1,0,1,0.0,0.0,3881.284,0.5069386
241,0,29,8,0,0,1,1,9169.369,6352.065,20575.86,0.000826881
33,1,25,11,1,0,1,1,0.0,0.0,1574.424,0.988643
328,0,23,12,0,0,1,0,4954.986,2771.4190000000003,0.0,0.0074254135
355,0,21,14,0,0,0,0,80.32994000000001,1890.5810000000001,6389.69,0.116110004
203,0,28,9,0,0,1,1,11091.41,10357.02,15406.78,0.0010213057
232,0,19,11,0,0,1,1,4306.468,6978.677,837.8710000000001,0.98471326
60,1,22,11,0,0,0,1,0.0,0.0,1048.432,0.0003648529
142,1,25,12,1,0,0,0,14426.79,2409.274,0.0,0.9588858
28,1,27,10,0,1,0,1,0.0,0.0,11142.87,0.0005628818
268,0,25,15,0,0,1,0,7386.436,4738.984,12705.49,0.01587146
30,1,24,11,1,0,0,1,0.0,0.0,995.7002,0.99840194
469,0,29,12,0,0,1,0,14641.6,162.9194,9473.705,0.0080027515
38,1,23,12,1,0,1,0,0.0,0.0,5911.5509999999995,0.00087248103
45,1,20,11,1,0,0,1,0.0,0.0,3972.54,0.002055254
56,1,17,10,1,0,0,1,0.0,0.0,0.0,0.010672546
229,0,21,12,0,0,1,0,13601.23,7202.468000000001,10746.03,0.9717442
11,1,19,9,1,0,0,1,0.0,0.0,8173.908,0.0062250462
288,0,21,12,0,0,0,0,9665.063,4110.581,1687.5639999999999,0.007826853
569,0,31,4,0,1,0,1,0.0,0.0,1161.493,0.008128918
513,0,29,13,0,0,1,0,2780.2,0.0,14339.86,0.0009958892
251,0,26,8,0,1,0,1,3168.134,5872.258000000001,11136.15,0.026638785
256,0,46,11,0,0,1,1,14753.28,5299.355,0.0,0.0002193199
587,0,16,8,0,0,0,1,0.0,0.0,0.0,0.9671851
393,0,16,9,0,0,0,1,0.0,1188.774,2451.548,0.002603709
165,1,29,12,1,0,0,0,9748.386999999999,4878.937,10976.51,0.9508616
85,1,27,8,1,0,0,1,0.0,0.0,0.0,0.0040728427
266,0,23,12,0,0,1,0,11690.95,4764.048,14065.0,0.0016617624
347,0,50,3,0,0,1,1,3136.7859999999996,2203.887,13976.34,0.0018617911
47,1,17,8,1,0,0,1,0.0,0.0,0.0,0.98963296
596,0,18,10,1,0,0,1,0.0,0.0,5306.516,0.0064804084
177,1,22,12,0,1,1,0,492.2305,7055.701999999999,10092.83,0.0003700185
476,0,16,6,1,0,0,1,0.0,44.75806,0.0,0.7390637
310,0,31,16,0,0,1,0,25862.32,3254.8059999999996,25564.67,0.08810038
312,0,18,11,0,0,0,1,0.0,3226.1609999999996,15814.63,0.98254997
228,0,25,12,0,0,1,0,11516.57,7263.339,19588.74,0.6195118
153,1,19,8,1,0,0,1,2636.353,2937.264,7535.941999999999,0.0022607269
72,1,46,13,1,0,0,0,0.0,0.0,647.2046,0.87978894
127,1,22,12,1,0,0,0,5605.852,936.1773,0.0,0.013226424
577,0,17,10,1,0,0,1,0.0,0.0,0.0,0.00064573175
50,1,23,12,1,0,0,0,0.0,0.0,4843.1759999999995,0.92273474
591,0,16,10,1,0,0,1,0.0,0.0,1730.418,0.017392779
535,0,16,9,0,0,1,1,920.8554,0.0,15997.87,0.90331453
470,0,17,10,0,0,0,1,0.0,152.1774,10301.23,0.019978587
570,0,19,12,0,1,0,0,0.0,0.0,18573.55,0.008933841
101,1,24,10,1,0,0,1,0.0,0.0,0.0,0.9921708
576,0,16,9,0,1,1,1,0.0,0.0,6821.186,0.00042708678
538,0,19,11,0,0,0,1,540.7576,0.0,3406.16,0.0010092258
474,0,19,10,0,0,0,1,1933.796,112.7903,675.321,0.0026533068
133,1,26,11,1,0,1,1,0.0,1392.8529999999998,1460.36,0.07386051
551,0,16,9,0,1,0,1,0.0,0.0,0.0,0.00038299372
429,0,36,8,0,0,1,1,2715.5440000000003,585.4355,0.0,0.97642344
299,0,28,8,0,1,1,1,8305.332,3718.5,0.0,0.11217076
109,1,30,11,1,0,0,1,0.0,0.0,0.0,0.88514
242,0,21,11,0,0,1,1,10679.96,6276.871,10923.35,0.0020992565
162,1,31,4,1,0,0,1,8517.589,4023.211,7382.549,0.001972513
262,0,54,12,0,0,0,0,7165.039000000001,5012.903,0.0,0.71308815
487,0,30,10,0,0,1,1,14913.94,0.0,11563.21,0.049283214
186,0,30,12,0,0,1,0,20166.73,18347.23,25564.67,0.64904374
157,1,18,9,1,0,0,1,0.0,3287.375,5010.342000000001,0.99692184
294,0,21,15,0,0,1,0,6951.479,3879.6290000000004,0.0,0.0009352459
226,0,22,12,1,0,1,0,9729.719000000001,7372.548000000001,2231.367,0.0019403535
19,1,40,12,1,0,0,0,0.0,0.0,10804.32,0.00040772918
125,1,18,11,0,0,0,1,3678.2309999999998,919.5579,4321.705,0.99252534
57,1,37,9,1,0,0,1,0.0,0.0,1067.506,0.00038722483
13,1,18,8,1,0,0,1,0.0,0.0,0.0,2.6763131e-05
305,0,43,12,0,0,1,0,14328.12,3453.532,18781.9,0.90344006
604,0,51,4,1,0,0,1,0.0,0.0,0.0,0.8703409
361,0,19,13,0,0,0,0,2366.794,1709.7579999999998,0.0,0.00014494805
339,0,24,12,0,0,0,0,9784.578000000001,2413.355,0.0,0.8505468
358,0,18,9,1,0,0,1,1183.397,1822.5479999999998,803.8833,0.99733007
237,0,25,13,0,0,1,0,19259.59,6652.839,13015.82,0.9810126
103,1,25,11,1,0,0,1,0.0,0.0,485.2298,0.07477973
603,0,27,12,0,0,1,0,0.0,0.0,1533.88,0.98707426
610,0,18,11,0,0,0,1,0.0,0.0,10150.5,0.040973574
181,1,33,12,1,0,1,0,20279.95,10941.35,15952.6,0.0014367993
98,1,42,12,1,0,0,0,0.0,0.0,2456.153,0.00039409823
250,0,47,3,0,0,1,1,9047.894,5911.645,6145.865,0.97642344
2,1,22,9,0,1,0,1,0.0,0.0,3595.8940000000002,0.025171125
482,0,49,14,0,0,1,0,25862.32,0.0,25564.67,0.027329942
590,0,21,15,0,0,0,0,0.0,0.0,0.0,0.008166956
99,1,25,10,1,0,0,1,0.0,0.0,0.0,0.0015568956
307,0,27,4,0,1,1,1,626.9654,3410.565,3367.739,0.009886617
31,1,17,10,1,0,0,1,0.0,0.0,0.0,0.20449442
354,0,25,9,0,0,1,1,23377.97,1901.3229999999999,1898.879,0.001052153
488,0,52,12,0,0,1,0,14780.71,0.0,25564.67,0.00032220973
146,1,19,11,1,0,0,1,2305.026,2615.276,4146.603,0.93485236
600,0,43,6,0,0,1,1,0.0,0.0,0.0,0.00064842333
592,0,23,12,0,0,0,0,0.0,0.0,3902.676,0.99599236
110,1,26,10,1,0,1,1,2027.999,0.0,0.0,0.017296083
160,1,21,8,1,0,0,1,989.2678,3695.897,4279.613,0.9462396
380,0,32,4,0,0,1,1,0.0,1378.5479999999998,0.0,0.9923273
25,1,18,10,1,0,0,1,0.0,0.0,11163.17,0.93976927
584,0,27,14,1,0,0,0,0.0,0.0,10122.43,0.0015839685
337,0,52,0,0,1,1,1,773.9104,2506.452,0.0,0.967281
49,1,25,5,1,0,0,1,0.0,0.0,12187.41,0.09174973
93,1,25,11,1,0,0,1,0.0,0.0,0.0,0.008053748
357,0,39,7,0,0,0,1,7786.126,1844.0320000000002,9206.237,0.93256557
263,0,38,8,0,1,1,1,22606.02,4978.887,8720.065,0.048562124
273,0,19,12,0,0,0,0,8530.648000000001,4620.823,0.0,0.023504319
44,1,18,8,0,1,1,1,0.0,0.0,2787.96,0.0017476769
338,0,21,12,0,0,0,0,2903.633,2456.323,4787.834,0.0028213407
223,0,25,12,0,0,1,0,11381.38,7467.435,4162.755999999999,0.8557817
184,1,35,8,1,0,1,1,13732.07,17976.15,3786.6279999999997,0.0011993479
483,0,47,9,0,0,1,1,25862.32,0.0,25564.67,0.6195118
527,0,20,10,0,0,0,1,1412.631,0.0,6290.682,0.04104691
292,0,19,12,0,0,1,0,5817.063,3919.0159999999996,1066.9189999999999,0.06591356
278,0,22,10,0,0,0,1,17268.98,4400.613,2453.026,0.22372042
138,1,18,10,1,0,0,1,2143.411,1784.274,11141.39,0.96617824
5,1,33,8,1,0,0,1,0.0,0.0,289.7899,0.001975476
421,0,27,12,0,0,1,0,4222.22,751.9355,0.0,0.015604311
166,1,19,10,0,0,0,1,0.0,5324.109,13829.62,0.09153524
40,1,24,10,1,0,0,1,0.0,0.0,0.0,0.0055221375
320,0,20,10,0,0,1,1,3099.56,2970.145,21141.83,0.9914852
311,0,27,12,0,0,1,0,4043.927,3231.532,7240.86,0.00015482344
548,0,54,12,0,0,1,0,0.0,0.0,0.0,0.005008996
386,0,46,7,0,0,1,1,19171.43,1317.6770000000001,0.0,0.0043435986
397,0,19,8,0,0,1,1,39.185340000000004,1136.855,5327.204000000001,0.0035591
344,0,28,12,1,0,0,0,6285.328,2255.806,7310.313,0.00034616218
3,1,30,12,1,0,0,0,0.0,0.0,24909.45,0.9517411
236,0,29,6,0,1,1,1,8542.403,6701.177,7196.528,0.031189559
396,0,20,12,0,0,0,0,0.0,1147.597,15554.55,0.0012537236
191,0,37,9,1,0,1,1,13685.48,12756.05,17833.2,0.8918245
447,0,20,8,0,0,1,1,621.0876,306.1452,5551.819,0.005215386
69,1,45,5,1,0,1,1,0.0,0.0,8546.715,0.9827632
170,1,21,9,1,0,0,1,6416.47,5749.331,743.6666,0.013728427
395,0,28,5,0,1,1,1,10967.98,1178.032,239.3917,0.003433999
284,0,28,12,1,0,0,0,16722.34,4253.806,7314.746999999999,0.0034238868
359,0,25,12,0,0,1,0,2721.422,1754.516,1037.364,0.00072903384
269,0,37,11,0,1,0,1,615.2098,4713.919,0.0,0.016908564
434,0,19,3,0,0,1,1,0.0,537.0968,0.0,0.9616203
76,1,25,11,0,0,0,1,0.0,0.0,18783.35,0.0007480925
566,0,21,13,1,0,0,0,0.0,0.0,17941.08,0.001766769
240,0,33,12,0,0,1,0,10819.07,6369.968000000001,2936.243,0.00040520317
42,1,19,9,0,0,0,1,0.0,0.0,13188.83,0.0015927282
139,1,29,12,1,0,0,0,10881.94,1817.2839999999999,0.0,0.9871401
351,0,30,7,0,0,1,1,574.0652,2010.5320000000002,366.4762,0.004369282
174,1,19,10,1,0,0,1,4121.9490000000005,6056.754,0.0,0.015723836
151,1,28,10,1,0,0,1,0.0,2836.506,3196.571,0.019728348
283,0,20,12,1,0,1,0,2648.929,4273.5,0.0,0.010727959
277,0,22,11,0,0,1,1,8761.841,4463.274,10642.59,0.00023679326
190,0,25,9,1,0,1,1,14829.69,13776.53,0.0,0.91646963
493,0,22,11,1,0,1,1,9049.853000000001,0.0,9088.018,0.12886482
517,0,20,14,0,0,0,0,2210.053,0.0,2813.591,0.0078270305
130,1,20,11,1,0,0,1,3637.498,1220.836,1085.44,0.9983707
219,0,45,8,0,0,1,1,22415.97,7635.726,15931.37,0.0068393713
528,0,36,11,0,0,1,1,1404.7939999999999,0.0,0.0,0.9977151
14,1,27,10,1,0,1,1,0.0,0.0,18739.93,0.0023465545
614,0,16,9,0,0,0,1,0.0,0.0,1495.4589999999998,3.2865653e-05
500,0,31,12,0,0,0,0,6156.016,0.0,4094.78,0.18661924
331,0,43,8,0,0,1,1,18338.74,2674.742,6395.601,0.00058784435
276,0,30,16,0,0,0,0,3093.6820000000002,4468.645,15538.29,0.07294637
225,0,40,3,0,1,1,1,7576.485,7426.258000000001,12104.06,0.01454386
272,0,48,7,0,0,1,1,13326.93,4636.935,0.0,0.00105852
314,0,23,12,0,0,1,0,7856.66,3213.6290000000004,5535.564,0.94390005
407,0,40,12,0,0,1,0,16851.65,961.4032,17717.94,0.0013239628
443,0,18,10,0,0,0,1,0.0,386.7097,0.0,0.008575875
161,1,22,9,1,0,0,1,2192.877,3836.986,3462.5640000000003,0.02142415
264,0,23,17,0,0,0,0,0.0,4876.839,16747.08,0.00011151679
521,0,20,13,0,0,0,0,1657.54,0.0,913.235,0.0013711988
300,0,20,11,0,0,1,1,5822.941,3532.3059999999996,11075.56,0.00054115034
86,1,38,11,1,0,0,1,0.0,0.0,0.0,0.9846674
6,1,22,9,1,0,0,1,0.0,0.0,4056.494,0.13299154
458,0,32,10,0,0,1,1,4145.809,238.1129,8245.714,0.0019780933
543,0,16,7,0,1,0,1,289.9715,0.0,7515.717,0.0015900091
121,1,29,14,1,0,0,0,0.0,679.6734,17814.98,0.00045306372
588,0,48,12,0,0,1,0,0.0,0.0,1491.026,0.0094350735
410,0,18,8,0,1,0,1,0.0,902.3226,1306.31,0.015399538
73,1,18,6,1,0,0,1,0.0,0.0,0.0,0.96923333
119,1,19,10,1,0,0,1,0.0,385.2741,8124.715,0.9489623
554,0,16,8,0,0,0,1,0.0,0.0,0.0,0.040458284
80,1,22,11,1,0,0,1,0.0,0.0,6456.696999999999,0.010797461
536,0,17,10,0,0,0,1,646.558,0.0,9438.24,0.10653039
113,1,20,12,1,0,0,0,989.2678,165.2077,0.0,0.95649296
491,0,35,13,0,0,0,0,9537.711,0.0,11269.14,0.015134615
81,1,25,12,1,0,0,0,0.0,0.0,0.0,0.4219619
539,0,50,5,1,0,1,1,411.44599999999997,0.0,9166.338,0.9895997
601,0,34,12,1,0,0,0,0.0,0.0,0.0,0.81358737
238,0,41,15,0,0,1,0,25862.32,6563.323,24647.0,0.00025804085
370,0,18,10,0,0,0,1,0.0,1491.339,237.91400000000002,0.0038370374
555,0,16,9,1,0,0,1,0.0,0.0,2158.959,0.000181998
463,0,16,7,1,0,0,1,133.2301,205.8871,6145.865,0.10601979
155,1,42,9,1,0,1,1,0.0,3058.531,1294.4089999999999,0.023520926
290,0,21,12,0,0,0,0,2827.222,4056.8709999999996,5937.505,0.0003152346
480,0,17,11,0,1,0,1,601.4949,10.74194,1913.656,0.0010276679
120,1,23,12,1,0,0,0,5506.308000000001,501.0741,671.3318,0.01021558
609,0,25,14,0,0,0,0,0.0,0.0,0.0,0.99840194
17,1,27,13,1,0,0,0,0.0,0.0,14581.86,0.0014582166
532,0,28,8,0,0,1,1,1202.99,0.0,19516.33,0.020710483
158,1,21,12,1,0,0,0,6473.683000000001,3332.409,9371.037,0.00022045978
340,0,35,8,0,0,1,1,2241.401,2399.032,9460.405999999999,0.004397914
346,0,40,12,0,1,0,0,13616.9,2228.952,876.2919,0.9592683
481,0,50,12,0,0,1,0,25862.32,0.0,25564.67,0.0010135513
156,1,25,13,1,0,0,0,12362.93,3090.732,0.0,0.00431518
594,0,17,10,0,0,0,1,0.0,0.0,14942.77,0.9327501
303,0,20,11,1,0,0,1,0.0,3480.387,5495.665,0.00033467048
382,0,40,10,0,0,1,1,1543.902,1342.7420000000002,0.0,0.001627239
222,0,33,8,0,0,1,1,12312.03,7474.597,25514.43,0.779431
444,0,24,12,0,0,1,0,9051.813,327.629,8547.171,0.0011614165
317,0,23,10,0,0,1,1,15811.28,3145.597,6398.556,0.04313839
205,0,35,9,0,0,1,1,11475.43,9397.403,11087.38,0.27788487
275,0,29,10,0,0,1,1,713.1731,4542.048,7781.7080000000005,0.0022198828
297,0,28,13,0,0,0,0,5260.630999999999,3790.113,9253.524,0.013728427
259,0,25,10,0,0,1,1,4335.857,5181.194,12418.81,0.004508618
578,0,38,12,0,0,1,0,0.0,0.0,18756.78,0.008110886
336,0,19,12,0,0,0,0,336.9939,2518.984,7118.209,0.000267416
261,0,26,12,0,1,0,0,7968.338000000001,5109.581,4181.965999999999,0.95882756
503,0,36,12,0,0,1,0,5374.269,0.0,0.0,0.98254997
194,0,38,9,0,1,1,1,16826.18,12029.18,0.0,0.0063209445
426,0,18,12,0,1,0,0,0.0,630.1935,4843.988,0.009243771
583,0,17,8,1,0,0,1,0.0,0.0,4520.366,0.9834168
321,0,20,11,0,1,0,1,2868.367,2968.355,7403.41,0.053690385
427,0,45,12,0,0,0,0,4473.005999999999,608.7097,0.0,0.0008958776
515,0,22,16,1,0,0,0,2564.68,0.0,116.7404,0.5303037
424,0,18,11,0,1,0,1,0.0,630.1935,0.0,0.0009108515
35,1,25,12,1,0,0,0,0.0,0.0,3191.7529999999997,0.98254997
545,0,55,6,0,0,1,1,111.6782,0.0,0.0,0.00010804317
289,0,47,11,0,0,1,1,23924.61,4096.258,17358.85,0.02787209
486,0,27,12,0,0,1,0,15509.56,0.0,12593.19,0.0054234415
168,1,31,9,1,0,0,1,10717.03,5517.840999999999,9558.501,0.036645267
405,0,32,15,0,0,0,0,489.8167,968.5645,7684.178000000001,0.9343506
365,0,21,10,0,0,0,1,1767.259,1555.79,7675.312,0.933738
23,1,38,9,0,0,0,1,0.0,0.0,6408.95,0.8127201
